А,к,т,е,р,с,к,а,я, ,г,и,б,е,л,ь
А,л,ь,б,о,м
А,н,ю,т,а
А,р,и,ф,м,е,т,и,к,а,.
Б,а,р,о,н
Б,е,с,е,д,а, ,п,ь,я,н,о,г,о, ,с, ,т,р,е,з,в,ы,м, ,ч,е,р,т,о,м
Б,и,б,л,и,о,г,р,а,ф,и,я
Б,л,и,н,ы
Б,р,а,к, ,ч,е,р,е,з, ,1,0,–,1,5, ,л,е,т
Б,р,а,т,е,ц
Б,у,м,а,ж,н,и,к
В, ,М,о,с,к,в,е, ,н,а, ,Т,р,у,б,н,о,й, ,п,л,о,щ,а,д,и
В, ,а,п,т,е,к,е
В, ,в,а,г,о,н,е
В, ,г,о,с,т,и,н,о,й
В, ,л,а,н,д,о
В, ,п,о,ч,т,о,в,о,м, ,о,т,д,е,л,е,н,и,и
В, ,р,о,ж,д,е,с,т,в,е,н,с,к,у,ю, ,н,о,ч,ь
В, ,ц,и,р,у,л,ь,н,е
В,Е,Р,Х, ,Б,Л,А,Г,О,Н,А,М,Е,Р,Е,Н,Н,О,С,Т,И
В,Е,Р,Х, ,Г,Р,А,Ж,Д,А,Н,С,Т,В,Е,Н,Н,О,С,Т,И
В,Е,Р,Х, ,Р,А,С,С,Е,Я,Н,Н,О,С,Т,И
В,а,н,ь,к,а
В,в,е,р,х, ,п,о, ,л,е,с,т,н,и,ц,е
В,е,р,б,а
В,е,с,ь, ,в, ,д,е,д,у,ш,к,у
В,и,н,т
В,о,п,р,о,с,ы, ,и, ,о,т,в,е,т,ы
В,о,р
В,о,р,о,н,а
В,ы,в,е,с,к,а
Г,е,р,о,й, ,б,а,р,ы,н,я
Г,л,а,в,а, ,I
Г,л,а,в,а, ,I,., ,Р,е,ч,ь
Г,л,а,в,а, ,I,I
Г,л,а,в,а, ,I,I,., ,Т,а,и,н,с,т,в,е,н,н,ы,й, ,н,е,з,н,а,к,о,м,е,ц
Г,л,а,в,а, ,I,I,I,., ,Т,а,и,н,с,т,в,е,н,н,ы,е, ,п,я,т,н,а
Г,л,а,в,а, ,I,V,., ,С,к,а,н,д,а,л, ,н,а, ,н,е,б,е
Г,л,а,в,а, ,V,., ,О,с,т,р,о,в, ,к,н,я,з,я, ,М,е,щ,е,р,с,к,о,г,о
Г,л,а,в,а, ,V,I,., ,В,о,з,в,р,а,щ,е,н,и,е
Г,л,у,п,ы,й, ,ф,р,а,н,ц,у,з
Г,о,р,е
Г,у,с,и,н,ы,й, ,р,а,з,г,о,в,о,р
Д,а,ч,н,и,к,и
Д,а,ч,н,и,ц,а
Д,в,а, ,с,к,а,н,д,а,л,а
Д,в,о,е, ,в, ,о,д,н,о,м
Д,е,й,с,т,в,и,е, ,I
Д,е,й,с,т,в,и,е, ,в,т,о,р,о,е
Д,е,й,с,т,в,и,е, ,п,е,р,в,о,е
Д,е,й,с,т,в,и,я, ,I,I, ,и, ,I,I,I
Д,е,т,в,о,р,а
Д,о,б,р,ы,й, ,з,н,а,к,о,м,ы,й
Д,о,р,о,г,а,я, ,с,о,б,а,к,а
Д,о,ч,ь, ,А,л,ь,б,и,о,н,а
Е,г,е,р,ь
Ж,а,л,о,б,н,а,я, ,к,н,и,г,а
Ж,е,н,с,к,и,й, ,т,о,с,т
Ж,е,н,с,к,о,е, ,с,ч,а,с,т,ь,е
Ж,е,н,щ,и,н,а, ,с, ,т,о,ч,к,и, ,з,р,е,н,и,я, ,п,ь,я,н,и,ц,ы
Ж,и,в,а,я, ,х,р,о,н,о,л,о,г,и,я
Ж,и,з,н,ь, ,в, ,в,о,п,р,о,с,а,х, ,и, ,в,о,с,к,л,и,ц,а,н,и,я,х
З,Л,О,Д,Е,И, ,И, ,Г,., ,Е,Г,О,Р,О,В
З,а, ,д,в,у,м,я, ,з,а,й,ц,а,м,и, ,п,о,г,о,н,и,ш,ь,с,я,",", ,н,и, ,о,д,н,о,г,о, ,н,е, ,п,о,й,м,а,е,ш,ь
З,а, ,я,б,л,о,ч,к,и
З,а,б,л,у,д,ш,и,е
З,а,б,ы,л,!,!
З,а,в,е,щ,а,н,и,е, ,с,т,а,р,о,г,о,",", ,1,8,8,3, ,г,о, ,г,о,д,а
З,а,г,а,д,о,ч,н,а,я, ,н,а,т,у,р,а
З,а,д,а,ч,и, ,с,у,м,а,с,ш,е,д,ш,е,г,о, ,м,а,т,е,м,а,т,и,к,а
З,а,к,л,ю,ч,е,н,и,е
З,е,р,к,а,л,о
З,л,о,й, ,м,а,л,ь,ч,и,к
З,л,о,у,м,ы,ш,л,е,н,н,и,к
З,н,а,к,о,м,ы,й, ,м,у,ж,ч,и,н,а
З,н,а,м,е,н,и,е, ,в,р,е,м,е,н,и
И, ,п,р,е,к,р,а,с,н,о,е, ,д,о,л,ж,н,о, ,и,м,е,т,ь, ,п,р,е,д,е,л,ы
И, ,т,о, ,и, ,с,е,., ,<,П,и,с,ь,м,а, ,и, ,т,е,л,е,г,р,а,м,м,ы,>
И, ,т,о, ,и, ,с,е,., ,П,о,э,з,и,я, ,и, ,п,р,о,з,а
И,в,а,н, ,М,а,т,в,е,и,ч
И,д,и,л,л,и,я, ,–, ,у,в,ы, ,и, ,а,х,!
И,з, ,д,н,е,в,н,и,к,а, ,о,д,н,о,й, ,д,е,в,и,ц,ы
И,з, ,д,н,е,в,н,и,к,а, ,п,о,м,о,щ,н,и,к,а, ,б,у,х,г,а,л,т,е,р,а
И,з, ,о,г,н,я, ,д,а, ,в, ,п,о,л,ы,м,я
И,с,п,о,в,е,д,ь
К,а,н,и,к,у,л,я,р,н,ы,е, ,р,а,б,о,т,ы, ,и,н,с,т,и,т,у,т,к,и, ,Н,а,д,е,н,ь,к,и, ,N
К,а,н,и,т,е,л,ь
К,а,п,и,т,а,н,с,к,и,й, ,м,у,н,д,и,р
К,а,р,т,и,н,к,и, ,и,з, ,н,е,д,а,в,н,е,г,о, ,п,р,о,ш,л,о,г,о
К,л,е,в,е,т,а
К,о,е, ,ч,т,о
К,о,е, ,ч,т,о, ,2
К,о,е, ,ч,т,о, ,о,б, ,А,., ,С,., ,Д,а,р,г,о,м,ы,ж,с,к,о,м
К,о,з,е,л, ,и,л,и, ,н,е,г,о,д,я,й,?
К,о,л,л,е,к,ц,и,я
К,о,м,и,к
К,о,н,ь, ,и, ,т,р,е,п,е,т,н,а,я, ,л,а,н,ь
К,о,р,р,е,с,п,о,н,д,е,н,т
К,р,а,с,н,а,я, ,г,о,р,к,а
К,р,а,т,к,а,я, ,а,н,а,т,о,м,и,я, ,ч,е,л,о,в,е,к,а
К,р,е,с,т
К,у,л,а,ч,ь,е, ,г,н,е,з,д,о
К,у,х,а,р,к,а, ,ж,е,н,и,т,с,я
Л,и,т,е,р,а,т,у,р,н,а,я, ,т,а,б,е,л,ь, ,о, ,р,а,н,г,а,х
Л,о,ш,а,д,и,н,а,я, ,ф,а,м,и,л,и,я
М,а,р,ь,я, ,И,в,а,н,о,в,н,а
М,а,с,л,е,н,и,ч,н,ы,е, ,п,р,а,в,и,л,а, ,д,и,с,ц,и,п,л,и,н,ы
М,е,л,ю,з,г,а
М,е,р,т,в,о,е, ,т,е,л,о
М,е,с,т,ь
М,е,с,т,ь, ,ж,е,н,щ,и,н,ы
М,о,и, ,о,с,т,р,о,т,ы, ,и, ,и,з,р,е,ч,е,н,и,я
М,о,и, ,ч,и,н,ы, ,и, ,т,и,т,у,л,ы
М,о,й, ,р,а,з,г,о,в,о,р, ,с, ,п,о,ч,т,м,е,й,с,т,е,р,о,м
М,о,й, ,ю,б,и,л,е,й
М,о,л,о,д,о,й, ,ч,е,л,о,в,е,к
М,о,я, ,Н,а,н,а
М,ы,с,л,и, ,ч,и,т,а,т,е,л,я, ,г,а,з,е,т, ,и, ,ж,у,р,н,а,л,о,в
М,ы,с,л,и,т,е,л,ь
Н,А,Х,О,Д,Ч,И,В,О,С,Т,Ь, ,Г,., ,Р,О,Д,О,Н,А
Н,а, ,в,о,л,ч,ь,е,й, ,с,а,д,к,е
Н,а, ,г,в,о,з,д,е
Н,а, ,г,у,л,я,н,ь,е, ,в, ,С,о,к,о,л,ь,н,и,к,а,х
Н,а, ,к,л,а,д,б,и,щ,е
Н,а, ,м,а,г,н,е,т,и,ч,е,с,к,о,м, ,с,е,а,н,с,е
Н,а, ,о,х,о,т,е
Н,а, ,ч,у,ж,б,и,н,е
Н,а,д,л,е,ж,а,щ,и,е, ,м,е,р,ы
Н,а,л,и,м
Н,а,р,в,а,л,с,я
Н,а,х,л,е,б,н,и,к,и
Н,а,ч,а,л,ь,н,и,к, ,с,т,а,н,ц,и,и
Н,е, ,в, ,д,у,х,е
Н,е, ,с,у,д,ь,б,а,!
Н,е, ,т,л,е,т,в,о,р,н,ы,е, ,м,ы,с,л,и
Н,е,о,б,х,о,д,и,м,о,е, ,п,р,е,д,и,с,л,о,в,и,е
Н,е,р,в,ы
Н,е,с,к,о,л,ь,к,о, ,м,ы,с,л,е,й, ,о, ,д,у,ш,е
Н,е,с,о,о,б,р,а,з,н,ы,е, ,м,ы,с,л,и
Н,е,у,д,а,ч,а
Н,е,у,д,а,ч,н,ы,й, ,в,и,з,и,т
Н,е,ч,т,о, ,с,е,р,ь,е,з,н,о,е
Н,о,в,а,я, ,б,о,л,е,з,н,ь, ,и, ,с,т,а,р,о,е, ,с,р,е,д,с,т,в,о
Н,о,в,о,г,о,д,н,и,е, ,в,е,л,и,к,о,м,у,ч,е,н,и,к,и
Н,у,",", ,п,у,б,л,и,к,а,!
О, ,ж,е,н,щ,и,н,а,х
О, ,ж,е,н,щ,и,н,ы,",", ,ж,е,н,щ,и,н,ы,!,.,.
О, ,м,а,е
О, ,м,а,р,т,е
О, ,т,о,м,",", ,о, ,с,е,м,…
О,б, ,а,в,г,у,с,т,е
О,б, ,а,п,р,е,л,е
О,б, ,и,ю,н,е, ,и, ,и,ю,л,е
О,б,а, ,л,у,ч,ш,е
О,б,е,р, ,в,е,р,х,и
О,н, ,и, ,о,н,а
О,н, ,п,о,н,я,л,!
О,п,е,к,у,н
О,р,д,е,н
О,с,е,н,ь,ю
О,т,е,ц, ,с,е,м,е,й,с,т,в,а
О,т,с,т,а,в,н,о,й, ,р,а,б
П,а,п,а,ш,а
П,а,т,р,и,о,т, ,с,в,о,е,г,о, ,о,т,е,ч,е,с,т,в,а
П,е,в,ч,и,е
П,е,р,е,д, ,с,в,а,д,ь,б,о,й
П,е,р,е,п,о,л,о,х
П,е,р,е,п,у,т,а,н,н,ы,е, ,о,б,ъ,я,в,л,е,н,и,я
П,е,р,е,с,о,л,и,л
П,е,р,с,о,н,а
П,е,т,р,о,в, ,д,е,н,ь
П,и,с,а,т,е,л,ь
П,и,с,ь,м,о, ,к, ,у,ч,е,н,о,м,у, ,с,о,с,е,д,у
П,л,о,д,ы, ,д,о,л,г,и,х, ,р,а,з,м,ы,ш,л,е,н,и,й
П,о, ,а,м,е,р,и,к,а,н,с,к,и
П,о,с,л,е,д,н,я,я, ,м,о,г,и,к,а,н,ш,а
П,р,а,з,д,н,и,ч,н,а,я, ,п,о,в,и,н,н,о,с,т,ь
П,р,и,д,а,н,о,е
П,р,и,з,н,а,т,е,л,ь,н,ы,й, ,н,е,м,е,ц
П,р,о,л,о,г
П,р,о,щ,е,н,и,е
Р,а,д,о,с,т,ь
Р,а,з, ,в, ,г,о,д
Р,а,з,г,о,в,о,р
Р,а,з,г,о,в,о,р, ,ч,е,л,о,в,е,к,а, ,с, ,с,о,б,а,к,о,й
Р,а,з,м,а,з,н,я
Р,а,с,с,к,а,з,",", ,к,о,т,о,р,о,м,у, ,т,р,у,д,н,о, ,п,о,д,о,б,р,а,т,ь, ,н,а,з,в,а,н,и,е
Р,е,в,н,и,т,е,л,ь
Р,е,п,е,т,и,т,о,р
Р,е,ч,ь, ,и, ,р,е,м,е,ш,о,к
Р,ы,ц,а,р,и, ,б,е,з, ,с,т,р,а,х,а, ,и, ,у,п,р,е,к,а
Р,я,ж,е,н,ы,е
Р,я,ж,е,н,ы,е
С,а,л,о,н, ,д,е, ,в,а,р,ь,е,т,е
С,а,п,о,г,и
С,б,о,р,н,и,к, ,д,л,я, ,д,е,т,е,й
С,в,и,с,т,у,н,ы
С,е,л,ь,с,к,и,е, ,э,с,к,у,л,а,п,ы
С,и,м,у,л,я,н,т,ы
С,к,в,е,р,н,а,я, ,и,с,т,о,р,и,я,., ,Н,е,ч,т,о, ,р,о,м,а,н,о,о,б,р,а,з,н,о,е
С,л,о,в,а,",", ,с,л,о,в,а, ,и, ,с,л,о,в,а
С,л,у,ж,е,б,н,ы,е, ,п,о,м,е,т,к,и
С,л,у,ч,а,й, ,д,р,у,г,о,й
С,л,у,ч,а,й, ,и,з, ,с,у,д,е,б,н,о,й, ,п,р,а,к,т,и,к,и
С,л,у,ч,а,й, ,п,е,р,в,ы,й
С,л,у,ч,а,й, ,с, ,к,л,а,с,с,и,к,о,м
С,л,у,ч,а,й, ,т,р,е,т,и,й
С,м,е,р,т,ь, ,ч,и,н,о,в,н,и,к,а
С,о,в,е,т
С,о,в,р,е,м,е,н,н,ы,е, ,м,о,л,и,т,в,ы
С,о,н, ,р,е,п,о,р,т,е,р,а
С,о,н,н,а,я, ,о,д,у,р,ь
С,п,и,с,о,к, ,э,к,с,п,о,н,е,н,т,о,в,",", ,у,д,о,с,т,о,е,н,н,ы,х, ,ч,у,г,у,н,н,ы,х, ,м,е,д,а,л,е,й, ,п,о, ,р,у,с,с,к,о,м,у, ,о,т,д,е,л,у, ,н,а, ,в,ы,с,т,а,в,к,е, ,в, ,А,м,с,т,е,р,д,а,м,е
С,п,р,а,в,к,а
С,р,е,д,с,т,в,о, ,о,т, ,з,а,п,о,я
С,т,а,р,о,с,т,ь
С,т,р,а,ш,н,а,я, ,н,о,ч,ь
С,у,д
С,у,щ,а,я, ,п,р,а,в,д,а
С,ц,е,н,к,а
С,ч,а,с,т,л,и,в,ч,и,к
Т,а,п,е,р
Т,е,м,н,о,ю, ,н,о,ч,ь,ю
Т,е,щ,а, ,а,д,в,о,к,а,т
Т,о,л,с,т,ы,й, ,и, ,т,о,н,к,и,й
Т,р,а,г,и,к
У, ,п,р,е,д,в,о,д,и,т,е,л,ь,ш,и
У, ,т,е,л,е,ф,о,н,а
У,м,н,ы,й, ,д,в,о,р,н,и,к
У,п,р,а,з,д,н,и,л,и,!
У,с,т,р,и,ц,ы
У,ш,л,а
Ф,и,л,а,н,т,р,о,п
Ф,и,л,о,с,о,ф,с,к,и,е, ,о,п,р,е,д,е,л,е,н,и,я, ,ж,и,з,н,и
Ф,и,н,т,и,ф,л,ю,ш,к,и
Х,а,м,е,л,е,о,н
Х,и,р,у,р,г,и,я
Ц,и,н,и,к
Ч,а,с,т,и, ,в,т,о,р,о,й, ,и, ,п,о,с,л,е,д,н,е,й
Ч,а,с,т,ь, ,п,е,р,в,а,я
Ч,т,о, ,ч,а,щ,е, ,в,с,е,г,о, ,в,с,т,р,е,ч,а,е,т,с,я, ,в, ,р,о,м,а,н,а,х,",", ,п,о,в,е,с,т,я,х, ,и, ,т,., ,п,.,?
Ш,и,л,о, ,в, ,м,е,ш,к,е
Э,к,з,а,м,е,н, ,н,а, ,ч,и,н
Э,п,и,л,о,г
Ю,р,и,с,т,к,а
Я,з,ы,к, ,д,о, ,К,и,е,в,а, ,д,о,в,е,д,е,т
Я,р,м,а,р,к,а
